{"sections":{"featured_collection":{"type":"featured-collection","disabled":true,"settings":{"title":"","heading_size":"h2","description":"","show_description":false,"description_style":"body","collection":"all","products_to_show":24,"columns_desktop":4,"full_width":false,"show_view_all":true,"view_all_style":"outline","enable_desktop_slider":false,"color_scheme":"scheme-1","image_ratio":"square","image_shape":"default","show_secondary_image":true,"show_vendor":false,"show_rating":false,"quick_add":"none","columns_mobile":"2","swipe_on_mobile":false,"padding_top":0,"padding_bottom":36}},"image_banner_BwJJaL":{"type":"image-banner","settings":{"image":"shopify:\/\/shop_images\/home-hero-undie-bundles-sep3-desktop_x1440_4092d400-110c-4f41-8510-b7fe65b5dd65.webp","image_overlay_opacity":0,"image_height":"medium","desktop_content_position":"middle-center","show_text_box":true,"desktop_content_alignment":"center","color_scheme":"","image_behavior":"none","mobile_content_alignment":"center","stack_images_on_mobile":true,"show_text_below":true}},"rich_text_aCdqPM":{"type":"rich-text","blocks":{"text_XidUq9":{"type":"text","settings":{"text":"<p>W O R L D ' S B E S T S H A P I N G .<br\/>B U I L T I N T O S H A P E W E A R ,<br\/>I N T I M A T E S A N D O U T E R W E A R<\/p>"}}},"block_order":["text_XidUq9"],"settings":{"desktop_content_position":"center","content_alignment":"center","color_scheme":"","full_width":true,"padding_top":40,"padding_bottom":52}},"image_banner_wgwrhU":{"type":"image-banner","settings":{"image":"shopify:\/\/shop_images\/8184074-hd_1920_1080_30fps-ezgif.com-speed.gif","image_overlay_opacity":0,"image_height":"medium","desktop_content_position":"middle-center","show_text_box":true,"desktop_content_alignment":"center","color_scheme":"","image_behavior":"none","mobile_content_alignment":"center","stack_images_on_mobile":true,"show_text_below":true}},"multicolumn_mnnhhz":{"type":"multicolumn","blocks":{"column_M8rmRa":{"type":"column","settings":{"image":"shopify:\/\/shop_images\/sculptwear-discover-2024.webp","title":"SCULPTWEAR","text":"","link_label":"","link":""}},"column_dPhTqg":{"type":"column","settings":{"image":"shopify:\/\/shop_images\/header-category-bras-large.jpg","title":"BRAS","text":"","link_label":"","link":""}},"column_GntjaB":{"type":"column","settings":{"image":"shopify:\/\/shop_images\/bodysuit-discover-2024.webp","title":"","text":"","link_label":"","link":""}},"column_i9Lmda":{"type":"column","settings":{"image":"shopify:\/\/shop_images\/tops-discover-2024.webp","title":"","text":"<p>TOPS<\/p>","link_label":"","link":""}},"column_d7EDqT":{"type":"column","settings":{"image":"shopify:\/\/shop_images\/bottoms-discover.webp","title":"","text":"<p>BOTTOMS<\/p>","link_label":"","link":""}},"column_j3T3VC":{"type":"column","settings":{"image":"shopify:\/\/shop_images\/undies-discover-2024-2.webp","title":"","text":"<p>UNDIES<\/p>","link_label":"","link":""}}},"block_order":["column_M8rmRa","column_dPhTqg","column_GntjaB","column_i9Lmda","column_d7EDqT","column_j3T3VC"],"settings":{"title":"Multicolumn","heading_size":"h1","image_width":"full","image_ratio":"adapt","columns_desktop":3,"column_alignment":"left","background_style":"primary","button_label":"Button label","button_link":"","color_scheme":"","columns_mobile":"1","swipe_on_mobile":false,"padding_top":36,"padding_bottom":36}},"rich_text_9tCDxy":{"type":"rich-text","blocks":{"text_dzjEef":{"type":"text","settings":{"text":"<p><strong>F E A T U R E D<\/strong><\/p>"}}},"block_order":["text_dzjEef"],"settings":{"desktop_content_position":"center","content_alignment":"center","color_scheme":"","full_width":true,"padding_top":8,"padding_bottom":12}},"rich_text_Aq3RXR":{"type":"rich-text","blocks":{"heading_RFeBU3":{"type":"heading","settings":{"heading":"Best Sellers","heading_size":"h2"}},"text_MPFA3n":{"type":"text","settings":{"text":"<p>Our most popular garments, tried and true by you.<\/p>"}}},"block_order":["heading_RFeBU3","text_MPFA3n"],"settings":{"desktop_content_position":"center","content_alignment":"center","color_scheme":"","full_width":true,"padding_top":40,"padding_bottom":52}},"image_banner_BiHdim":{"type":"image-banner","settings":{"image":"shopify:\/\/shop_images\/8184074-hd_1920_1080_30fps-ezgif.com-speed.gif","image_overlay_opacity":0,"image_height":"medium","desktop_content_position":"middle-center","show_text_box":true,"desktop_content_alignment":"center","color_scheme":"","image_behavior":"none","mobile_content_alignment":"center","stack_images_on_mobile":true,"show_text_below":true}},"multicolumn_4bREWd":{"type":"multicolumn","blocks":{"column_3NFPzD":{"type":"column","settings":{"image":"shopify:\/\/shop_images\/30-day-icon_1.png","title":"<strong>EASY RETURN<\/strong>","text":"<p>Enjoy free US shipping and a 30-day hassle-free return policy. Our customer service is here to help.<\/p>","link_label":"","link":""}},"column_rGGhzj":{"type":"column","settings":{"image":"shopify:\/\/shop_images\/quality-star.png","title":"<strong>QUALITY<\/strong>","text":"<p>We take the time to source the softest, most durable, performance fabrics that you’ll feel great wearing.<\/p>","link_label":"","link":""}},"column_hYh6FL":{"type":"column","settings":{"image":"shopify:\/\/shop_images\/size-inclusive-icon.png","title":"<strong>SIZE  EXCLUIVE<\/strong>","text":"<p>We strive to serve as many body shapes and sizes as possible so everyone can find their perfect fit.<\/p>","link_label":"","link":""}},"column_J88bwi":{"type":"column","settings":{"image":"shopify:\/\/shop_images\/fit-obsessed.png","title":"<strong>FIT   OBSESSED<\/strong>","text":"<p>Each item goes through +2 years of rigorous testing with real women who want more from their clothing.<\/p>","link_label":"","link":""}}},"block_order":["column_3NFPzD","column_rGGhzj","column_hYh6FL","column_J88bwi"],"settings":{"title":"","heading_size":"h1","image_width":"half","image_ratio":"adapt","columns_desktop":4,"column_alignment":"center","background_style":"primary","button_label":"Button label","button_link":"","color_scheme":"","columns_mobile":"1","swipe_on_mobile":false,"padding_top":36,"padding_bottom":36}},"rich_text_KNmKJy":{"type":"rich-text","blocks":{"heading_ELNp47":{"type":"heading","settings":{"heading":"<a href=\"\/collections\" title=\"All collections\"><strong>@ H O N E Y  L O V E I R L <\/strong><\/a>","heading_size":"h2"}}},"block_order":["heading_ELNp47"],"settings":{"desktop_content_position":"center","content_alignment":"center","color_scheme":"","full_width":true,"padding_top":40,"padding_bottom":52}},"multicolumn_piTEeM":{"type":"multicolumn","blocks":{"column_FdEYTt":{"type":"column","settings":{"image":"shopify:\/\/shop_images\/header-category-bras-large.jpg","title":"","text":"","link_label":"","link":""}},"column_QEgxPr":{"type":"column","settings":{"image":"shopify:\/\/shop_images\/CrossOverBra-Model-Runway-M-Nicki-Front_350x443_454256d0-3e2d-47a3-adb4-db086e8aa1aa.webp","title":"","text":"","link_label":"","link":""}},"column_G46xwy":{"type":"column","settings":{"image":"shopify:\/\/shop_images\/SB-Model-Rose_Tan-M-Elle-Front_350x443_89c3d8d5-6fda-457f-be22-3a91110f862a.webp","title":"","text":"","link_label":"","link":""}},"column_hT8Ee3":{"type":"column","settings":{"image":"shopify:\/\/shop_images\/header-category-bras-small.png","title":"","text":"","link_label":"","link":""}},"column_tidFM6":{"type":"column","settings":{"image":"shopify:\/\/shop_images\/undies-discover-2024-2.webp","title":"","text":"","link_label":"","link":""}},"column_yx9jDR":{"type":"column","settings":{"image":"shopify:\/\/shop_images\/SPS-Model-Runway-1X-Brianna-Front_350x443_19521d0e-887f-4d81-a1ff-9d20f3373da5.webp","title":"","text":"","link_label":"","link":""}},"column_AHmJ9a":{"type":"column","settings":{"image":"shopify:\/\/shop_images\/457154638_18335361253127735_8420724479105101253_n.jpg","title":"","text":"","link_label":"","link":""}},"column_EMq8Jd":{"type":"column","settings":{"image":"shopify:\/\/shop_images\/bottoms-discover.webp","title":"","text":"","link_label":"","link":""}},"column_i88NwP":{"type":"column","settings":{"image":"shopify:\/\/shop_images\/sculptwear-discover-2024.webp","title":"","text":"","link_label":"","link":""}},"column_ynwEWL":{"type":"column","settings":{"image":"shopify:\/\/shop_images\/tops-discover-2024.webp","title":"","text":"","link_label":"","link":""}},"column_p6Wy8p":{"type":"column","settings":{"image":"shopify:\/\/shop_images\/header-category-bras-small.png","title":"","text":"","link_label":"","link":""}},"column_EJJkcg":{"type":"column","settings":{"image":"shopify:\/\/shop_images\/CamiBodysuit-Model-Sand-L-McCallah-Front_150x_b24c3708-78ca-4cc4-9f90-cd3afb3a6abb.jpg","title":"","text":"","link_label":"","link":""}}},"block_order":["column_FdEYTt","column_QEgxPr","column_G46xwy","column_hT8Ee3","column_tidFM6","column_yx9jDR","column_AHmJ9a","column_EMq8Jd","column_i88NwP","column_ynwEWL","column_p6Wy8p","column_EJJkcg"],"settings":{"title":"","heading_size":"h1","image_width":"full","image_ratio":"portrait","columns_desktop":6,"column_alignment":"left","background_style":"primary","button_label":"","button_link":"","color_scheme":"","columns_mobile":"1","swipe_on_mobile":false,"padding_top":36,"padding_bottom":36}}},"order":["featured_collection","image_banner_BwJJaL","rich_text_aCdqPM","image_banner_wgwrhU","multicolumn_mnnhhz","rich_text_9tCDxy","rich_text_Aq3RXR","image_banner_BiHdim","multicolumn_4bREWd","rich_text_KNmKJy","multicolumn_piTEeM"]}